{"cameraMode":{"drawMode":0,"name":"Shaded","section":"Shading Mode"},"sceneLighting":false,"audioPlay":false,"sceneViewState":{"showFog":false,"showMaterialUpdate":true,"showSkybox":true,"showFlares":true,"showImageEffects":true,"showParticleSystems":true},"in2DMode":false,"pivot":{"x":-1.133565902709961,"y":2.9352073669433595,"z":79.12586975097656},"rotation":{"x":-0.0682985708117485,"y":0.6415859460830689,"z":-0.05751418322324753,"w":-0.7618365287780762},"size":15.221227645874024,"orthographic":false}