{"cameraMode":{"drawMode":0,"name":"Shaded","section":"Shading Mode"},"sceneLighting":false,"audioPlay":false,"sceneViewState":{"showFog":false,"showMaterialUpdate":true,"showSkybox":false,"showFlares":true,"showImageEffects":true,"showParticleSystems":true},"in2DMode":false,"pivot":{"x":1.2599999904632569,"y":1.6000001430511475,"z":1.3099998235702515},"rotation":{"x":-0.08879756927490235,"y":-0.872860312461853,"z":0.17321667075157166,"w":-0.44746625423431399},"size":2.354253053665161,"orthographic":false}